attribute,period,download_weighted_percent,source,locator,period_note
Data disclosed & available,≤2022,79.3,https://arxiv.org/html/2512.03073v1,"Table 1, PDF p. 8","2025* means the study’s ≥2025 period, ending in 2025; categories are not exhaustive"
Data disclosed & available,2023,58.5,https://arxiv.org/html/2512.03073v1,"Table 1, PDF p. 8","2025* means the study’s ≥2025 period, ending in 2025; categories are not exhaustive"
Data disclosed & available,2024,53.5,https://arxiv.org/html/2512.03073v1,"Table 1, PDF p. 8","2025* means the study’s ≥2025 period, ending in 2025; categories are not exhaustive"
Data disclosed & available,2025*,39.8,https://arxiv.org/html/2512.03073v1,"Table 1, PDF p. 8","2025* means the study’s ≥2025 period, ending in 2025; categories are not exhaustive"
Data not disclosed,≤2022,9.8,https://arxiv.org/html/2512.03073v1,"Table 1, PDF p. 8","2025* means the study’s ≥2025 period, ending in 2025; categories are not exhaustive"
Data not disclosed,2023,23.4,https://arxiv.org/html/2512.03073v1,"Table 1, PDF p. 8","2025* means the study’s ≥2025 period, ending in 2025; categories are not exhaustive"
Data not disclosed,2024,31.6,https://arxiv.org/html/2512.03073v1,"Table 1, PDF p. 8","2025* means the study’s ≥2025 period, ending in 2025; categories are not exhaustive"
Data not disclosed,2025*,43.1,https://arxiv.org/html/2512.03073v1,"Table 1, PDF p. 8","2025* means the study’s ≥2025 period, ending in 2025; categories are not exhaustive"
"Data disclosed, unavailable",≤2022,2.1,https://arxiv.org/html/2512.03073v1,"Table 1, PDF p. 8","2025* means the study’s ≥2025 period, ending in 2025; categories are not exhaustive"
"Data disclosed, unavailable",2023,1.2,https://arxiv.org/html/2512.03073v1,"Table 1, PDF p. 8","2025* means the study’s ≥2025 period, ending in 2025; categories are not exhaustive"
"Data disclosed, unavailable",2024,2.2,https://arxiv.org/html/2512.03073v1,"Table 1, PDF p. 8","2025* means the study’s ≥2025 period, ending in 2025; categories are not exhaustive"
"Data disclosed, unavailable",2025*,2.9,https://arxiv.org/html/2512.03073v1,"Table 1, PDF p. 8","2025* means the study’s ≥2025 period, ending in 2025; categories are not exhaustive"
Open-use license,≤2022,81.4,https://arxiv.org/html/2512.03073v1,"Table 1, PDF p. 8","2025* means the study’s ≥2025 period, ending in 2025; categories are not exhaustive"
Open-use license,2023,54.1,https://arxiv.org/html/2512.03073v1,"Table 1, PDF p. 8","2025* means the study’s ≥2025 period, ending in 2025; categories are not exhaustive"
Open-use license,2024,58.3,https://arxiv.org/html/2512.03073v1,"Table 1, PDF p. 8","2025* means the study’s ≥2025 period, ending in 2025; categories are not exhaustive"
Open-use license,2025*,55.1,https://arxiv.org/html/2512.03073v1,"Table 1, PDF p. 8","2025* means the study’s ≥2025 period, ending in 2025; categories are not exhaustive"
License undocumented,≤2022,17.3,https://arxiv.org/html/2512.03073v1,"Table 1, PDF p. 8","2025* means the study’s ≥2025 period, ending in 2025; categories are not exhaustive"
License undocumented,2023,29.5,https://arxiv.org/html/2512.03073v1,"Table 1, PDF p. 8","2025* means the study’s ≥2025 period, ending in 2025; categories are not exhaustive"
License undocumented,2024,27.7,https://arxiv.org/html/2512.03073v1,"Table 1, PDF p. 8","2025* means the study’s ≥2025 period, ending in 2025; categories are not exhaustive"
License undocumented,2025*,31.2,https://arxiv.org/html/2512.03073v1,"Table 1, PDF p. 8","2025* means the study’s ≥2025 period, ending in 2025; categories are not exhaustive"
Acceptable-use policy,≤2022,0,https://arxiv.org/html/2512.03073v1,"Table 1, PDF p. 8","2025* means the study’s ≥2025 period, ending in 2025; categories are not exhaustive"
Acceptable-use policy,2023,14.5,https://arxiv.org/html/2512.03073v1,"Table 1, PDF p. 8","2025* means the study’s ≥2025 period, ending in 2025; categories are not exhaustive"
Acceptable-use policy,2024,9.7,https://arxiv.org/html/2512.03073v1,"Table 1, PDF p. 8","2025* means the study’s ≥2025 period, ending in 2025; categories are not exhaustive"
Acceptable-use policy,2025*,9.7,https://arxiv.org/html/2512.03073v1,"Table 1, PDF p. 8","2025* means the study’s ≥2025 period, ending in 2025; categories are not exhaustive"
Attribution license,≤2022,0.2,https://arxiv.org/html/2512.03073v1,"Table 1, PDF p. 8","2025* means the study’s ≥2025 period, ending in 2025; categories are not exhaustive"
Attribution license,2023,0.6,https://arxiv.org/html/2512.03073v1,"Table 1, PDF p. 8","2025* means the study’s ≥2025 period, ending in 2025; categories are not exhaustive"
Attribution license,2024,3.3,https://arxiv.org/html/2512.03073v1,"Table 1, PDF p. 8","2025* means the study’s ≥2025 period, ending in 2025; categories are not exhaustive"
Attribution license,2025*,3,https://arxiv.org/html/2512.03073v1,"Table 1, PDF p. 8","2025* means the study’s ≥2025 period, ending in 2025; categories are not exhaustive"
Accept conditions,≤2022,0,https://arxiv.org/html/2512.03073v1,"Table 1, PDF p. 8","2025* means the study’s ≥2025 period, ending in 2025; categories are not exhaustive"
Accept conditions,2023,1,https://arxiv.org/html/2512.03073v1,"Table 1, PDF p. 8","2025* means the study’s ≥2025 period, ending in 2025; categories are not exhaustive"
Accept conditions,2024,3.3,https://arxiv.org/html/2512.03073v1,"Table 1, PDF p. 8","2025* means the study’s ≥2025 period, ending in 2025; categories are not exhaustive"
Accept conditions,2025*,2.4,https://arxiv.org/html/2512.03073v1,"Table 1, PDF p. 8","2025* means the study’s ≥2025 period, ending in 2025; categories are not exhaustive"
Conditions + share info,≤2022,0,https://arxiv.org/html/2512.03073v1,"Table 1, PDF p. 8","2025* means the study’s ≥2025 period, ending in 2025; categories are not exhaustive"
Conditions + share info,2023,0.5,https://arxiv.org/html/2512.03073v1,"Table 1, PDF p. 8","2025* means the study’s ≥2025 period, ending in 2025; categories are not exhaustive"
Conditions + share info,2024,1.1,https://arxiv.org/html/2512.03073v1,"Table 1, PDF p. 8","2025* means the study’s ≥2025 period, ending in 2025; categories are not exhaustive"
Conditions + share info,2025*,1.2,https://arxiv.org/html/2512.03073v1,"Table 1, PDF p. 8","2025* means the study’s ≥2025 period, ending in 2025; categories are not exhaustive"
